{
  "variant": "wiki_faithful_markdown",
  "languages": {
    "en": "English",
    "hi": "Hindi",
    "te": "Telugu",
    "ta": "Tamil"
  },
  "weights": {
    "en": 2,
    "hi": 3,
    "te": 5,
    "ta": 3
  },
  "vocab_size": 10000,
  "faithful_units": {
    "en": 186426,
    "hi": 88359,
    "te": 36292,
    "ta": 185869
  },
  "unit_policy": "Counts each contiguous Unicode letter/mark/number run as one unit and each visible non-space punctuation/symbol character as one unit.",
  "token_counts": {
    "en": 121197,
    "hi": 58788,
    "te": 24593,
    "ta": 122174
  },
  "ratios": {
    "en": 0.6501078175790931,
    "hi": 0.6653312056496792,
    "te": 0.6776424556376061,
    "ta": 0.6573124082014752
  },
  "spread": 0.027534638058512972,
  "score": 36317.89159076405
}